{
  "annotations": {
    "list": [
      {
        "builtIn": 1,
        "datasource": {
          "type": "grafana",
          "uid": "-- Grafana --"
        },
        "enable": true,
        "hide": true,
        "iconColor": "rgba(0, 211, 255, 1)",
        "name": "Annotations & Alerts",
        "type": "dashboard"
      }
    ]
  },
  "editable": true,
  "fiscalYearStartMonth": 0,
  "graphTooltip": 0,
  "id": 1,
  "links": [],
  "panels": [
    {
      "datasource": {
        "type": "loki"
      },
      "description": "Burp Suite logs",
      "fieldConfig": {
        "defaults": {
          "color": {
            "mode": "thresholds"
          },
          "custom": {
            "align": "left",
            "cellOptions": {
              "type": "auto",
              "wrapText": false
            },
            "filterable": true,
            "inspect": true
          },
          "mappings": [],
          "thresholds": {
            "mode": "absolute",
            "steps": [
              {
                "color": "green",
                "value": null
              },
              {
                "color": "red",
                "value": 80
              }
            ]
          }
        },
        "overrides": [
          {
            "matcher": {
              "id": "byName",
              "options": "Request HTTP Version"
            },
            "properties": [
              {
                "id": "custom.width",
                "value": 191
              }
            ]
          },
          {
            "matcher": {
              "id": "byName",
              "options": "inScope"
            },
            "properties": [
              {
                "id": "custom.width",
                "value": 108
              }
            ]
          },
          {
            "matcher": {
              "id": "byName",
              "options": "path"
            },
            "properties": [
              {
                "id": "custom.width",
                "value": 329
              }
            ]
          },
          {
            "matcher": {
              "id": "byName",
              "options": "statusCode"
            },
            "properties": [
              {
                "id": "mappings",
                "value": [
                  {
                    "options": {
                      "200": {
                        "color": "green",
                        "index": 0,
                        "text": "200"
                      }
                    },
                    "type": "value"
                  }
                ]
              }
            ]
          }
        ]
      },
      "gridPos": {
        "h": 21,
        "w": 24,
        "x": 0,
        "y": 0
      },
      "id": 5,
      "options": {
        "cellHeight": "sm",
        "footer": {
          "countRows": false,
          "fields": "",
          "reducer": [
            "sum"
          ],
          "show": false
        },
        "showHeader": true,
        "sortBy": [
          {
            "desc": false,
            "displayName": "cookies"
          }
        ]
      },
      "pluginVersion": "11.5.2",
      "targets": [
        {
          "direction": "backward",
          "editorMode": "builder",
          "expr": "{label=\"burp-suite\"} | json",
          "queryType": "range",
          "refId": "A"
        }
      ],
      "title": "Logs",
      "transformations": [
        {
          "id": "filterFieldsByName",
          "options": {
            "include": {
              "names": [
                "Line"
              ]
            }
          }
        },
        {
          "id": "extractFields",
          "options": {
            "delimiter": ",",
            "format": "json",
            "keepTime": false,
            "replace": true,
            "source": "Line"
          }
        },
        {
          "id": "extractFields",
          "options": {
            "delimiter": ",",
            "format": "json",
            "keepTime": false,
            "replace": false,
            "source": "source"
          }
        },
        {
          "id": "extractFields",
          "options": {
            "delimiter": ",",
            "format": "json",
            "source": "request"
          }
        },
        {
          "id": "extractFields",
          "options": {
            "delimiter": ",",
            "format": "json",
            "source": "response"
          }
        },
        {
          "id": "filterFieldsByName",
          "options": {
            "include": {
              "names": [
                "responseTime",
                "toolType",
                "inScope",
                "url",
                "method",
                "path",
                "query",
                "pathWithoutQuery",
                "fileExtension",
                "contentType",
                "parameters",
                "headers 1",
                "httpVersion 1",
                "bodyOffset 1",
                "body 1",
                "markers 1",
                "statusCode",
                "reasonPhrase",
                "cookies",
                "mimeType",
                "httpVersion 2",
                "bodyOffset 2",
                "body 2",
                "headers 2",
                "markers 2"
              ]
            }
          }
        },
        {
          "id": "renameByRegex",
          "options": {
            "regex": "headers 1",
            "renamePattern": "Request Headers"
          }
        },
        {
          "id": "renameByRegex",
          "options": {
            "regex": "httpVersion 1",
            "renamePattern": "Request HTTP Version"
          }
        },
        {
          "id": "renameByRegex",
          "options": {
            "regex": "bodyOffset 1",
            "renamePattern": "Request BodyOffSet"
          }
        },
        {
          "id": "renameByRegex",
          "options": {
            "regex": "body 1",
            "renamePattern": "Request Body"
          }
        },
        {
          "id": "renameByRegex",
          "options": {
            "regex": "body 2",
            "renamePattern": "Response Body"
          }
        },
        {
          "id": "renameByRegex",
          "options": {
            "regex": "headers 2",
            "renamePattern": "Response Headers"
          }
        },
        {
          "id": "filterFieldsByName",
          "options": {
            "include": {
              "names": [
                "responseTime",
                "toolType",
                "inScope",
                "url",
                "method",
                "path",
                "query",
                "contentType",
                "parameters",
                "Request Headers",
                "Request HTTP Version",
                "Request Body",
                "statusCode",
                "reasonPhrase",
                "cookies",
                "Response Body",
                "Response Headers"
              ]
            }
          }
        }
      ],
      "transparent": true,
      "type": "table"
    }
  ],
  "preload": false,
  "refresh": "",
  "schemaVersion": 40,
  "tags": [],
  "templating": {
    "list": []
  },
  "time": {
    "from": "now-5m",
    "to": "now"
  },
  "timepicker": {},
  "timezone": "browser",
  "title": "Main",
  "uid": "eeduxywahx1q8e",
  "version": 2,
  "weekStart": ""
}